{
  "GET_SKIN": "&aSkin fetched.",
  "ACTION_ADD_INCORRECT_USAGE": "&eUsage: &a<SERVER:CMD:MESSAGE:CONSOLE> <actionValue>",
  "PATH_START": "&aDone, now walk where you want the npc to, when u finish type /znpcs path exit.",
  "PATH_FOUND": "&cThere is already a path with this name.",
  "EXIT_PATH": "&cYou have exited the waypoint creation.",
  "PATH_SET_INCORRECT_USAGE": "&eUsage: &aset <npc_id> <path_name>",
  "INVALID_NUMBER": "&cHey!, The inserted number/id does not look like a number..",
  "CONVERSATION_SET_INCORRECT_USAGE": "&cUsage: <npc_id> <conversation_name> <RADIUS:CLICK>",
  "CANT_GET_SKIN": "&ccan't fetch skin with name: %s.",
  "NO_LINE_FOUND": "&cNo line found.",
  "INCORRECT_USAGE": "&cIncorrect use of command.",
  "INVALID_SIZE": "&cThe position cannot exceed the limit.",
  "NO_SKIN_FOUND": "&cSkin not found.",
  "FETCHING_SKIN": "&aFetching skin for name: &f%s&a, wait...",
  "ACTION_DELAY_INCORRECT_USAGE": "&eUsage: &a<action_id> <delay>",
  "INVALID_NAME_LENGTH": "&cThe name is too short or long, it must be in the range of (3 to 16) characters.",
  "COMMAND_ERROR": "&cThere was an error executing the command, see the console for more information.",
  "NO_NPC_FOUND": "&cNo npc found.",
  "UNSUPPORTED_ENTITY": "&cEntity type not available for your current version.",
  "NPC_NOT_FOUND": "&cHey!, I couldnt find a npc with this id.",
  "NO_ACTION_FOUND": "&cNo action found.",
  "METHOD_NOT_FOUND": "&cNo method found.",
  "CONVERSATION_FOUND": "&cThere is already a conversation with this name.",
  "NO_PERMISSION": "&cYou do not have permission to execute this command.",
  "NO_PATH_FOUND": "&cNo path found.",
  "NPC_FOUND": "&cThere is already a npc with this id.",
  "TOO_FEW_ARGUMENTS": "&cToo few arguments.",
  "SUCCESS": "&aDone...",
  "COMMAND_NOT_FOUND": "&cThis command was not found.",
  "NO_CONVERSATION_FOUND": "&cNo conversation found."
}