{"stats":{"minecraft:custom":{"minecraft:jump":38,"minecraft:time_since_rest":13757,"minecraft:damage_dealt":76,"minecraft:crouch_one_cm":133,"minecraft:leave_game":1,"minecraft:sprint_one_cm":2854,"minecraft:play_time":13757,"minecraft:damage_taken":30,"minecraft:time_since_death":13757,"minecraft:walk_one_cm":3814,"minecraft:sneak_time":80,"minecraft:total_world_time":13757,"minecraft:fall_one_cm":569,"minecraft:fly_one_cm":100482},"minecraft:used":{"minecraft:birch_log":2,"minecraft:dirt":1}},"DataVersion":3120}