{"stats":{"minecraft:picked_up":{"minecraft:porkchop":4},"minecraft:custom":{"minecraft:jump":70,"minecraft:time_since_rest":38380,"minecraft:damage_dealt":200,"minecraft:crouch_one_cm":207,"minecraft:play_time":38380,"minecraft:leave_game":6,"minecraft:sprint_one_cm":4433,"minecraft:time_since_death":38380,"minecraft:walk_one_cm":5814,"minecraft:sneak_time":167,"minecraft:climb_one_cm":733,"minecraft:total_world_time":38380,"minecraft:mob_kills":2,"minecraft:fall_one_cm":209,"minecraft:fly_one_cm":30395},"minecraft:killed":{"minecraft:pig":2},"minecraft:used":{"minecraft:stone_sword":4,"minecraft:polished_deepslate":4,"minecraft:porkchop":2}},"DataVersion":3120}