{"stats":{"minecraft:picked_up":{"minecraft:feather":4,"minecraft:chicken":3,"minecraft:leather":6,"minecraft:porkchop":1,"minecraft:gunpowder":6,"minecraft:spider_eye":4,"minecraft:string":12,"minecraft:arrow":15,"minecraft:bone":14,"minecraft:rotten_flesh":7,"minecraft:mutton":2,"minecraft:white_wool":1},"minecraft:custom":{"minecraft:time_since_rest":119195,"minecraft:sprint_one_cm":34142,"minecraft:walk_one_cm":34708,"minecraft:mob_kills":41,"minecraft:damage_dealt":7439,"minecraft:fly_one_cm":498751,"minecraft:crouch_one_cm":2672,"minecraft:play_time":119195,"minecraft:sneak_time":1640,"minecraft:walk_under_water_one_cm":2873,"minecraft:jump":99,"minecraft:leave_game":10,"minecraft:time_since_death":119195,"minecraft:walk_on_water_one_cm":48,"minecraft:total_world_time":119195,"minecraft:fall_one_cm":406},"minecraft:killed":{"minecraft:sheep":1,"minecraft:horse":6,"minecraft:pig":1,"minecraft:chicken":3,"minecraft:spider":15,"minecraft:creeper":14},"minecraft:used":{"minecraft:oak_log":6,"minecraft:quartz_pillar":20,"minecraft:quartz_slab":17,"minecraft:lantern":1,"minecraft:birch_sapling":11,"minecraft:spruce_planks":18,"minecraft:smooth_quartz":1,"minecraft:spruce_sapling":4,"minecraft:quartz_stairs":71,"minecraft:deepslate_diamond_ore":1,"minecraft:diamond_sword":134,"minecraft:glowstone":4,"minecraft:oak_sapling":26,"minecraft:smooth_stone_slab":33,"minecraft:chiseled_quartz_block":16,"minecraft:bone_meal":80}},"DataVersion":3120}