{
  "minecraft:recipes/misc/charcoal": {
    "criteria": {
      "has_log": "2024-06-16 06:58:19 +0000"
    },
    "done": true
  },
  "minecraft:recipes/building_blocks/birch_wood": {
    "criteria": {
      "has_log": "2024-06-16 06:58:19 +0000"
    },
    "done": true
  },
  "minecraft:adventure/adventuring_time": {
    "criteria": {
      "minecraft:birch_forest": "2024-06-16 06:57:52 +0000",
      "minecraft:beach": "2024-06-16 06:57:28 +0000",
      "minecraft:river": "2024-06-16 06:57:48 +0000",
      "minecraft:forest": "2024-06-16 06:55:52 +0000",
      "minecraft:ocean": "2024-06-16 06:57:33 +0000",
      "minecraft:old_growth_birch_forest": "2024-06-16 06:55:20 +0000"
    },
    "done": false
  },
  "minecraft:recipes/building_blocks/birch_planks": {
    "criteria": {
      "has_logs": "2024-06-16 06:58:19 +0000"
    },
    "done": true
  },
  "DataVersion": 3120
}